{
  "hidden_dim": 25,
  "layer_dim": 1,
  "learning_rate": 0.0004485480009964587,
  "epochs": 35,
  "batch_size": 8,
  "best_val_mse": 0.0027815573120374935
}