{
  "final_train_mse": 0.0007127029274585937,
  "final_val_mse": 0.0006722404576226894,
  "final_train_r2": 0.9809171740063265,
  "final_val_r2": 0.9583359018198371,
  "final_val_rmse_original_scale": 4.087314128875732,
  "train_mse_history": [
    0.20641808165092201,
    0.04590255398388596,
    0.04630083722296012,
    0.03581689902646721,
    0.03170126373718162,
    0.02667506254042978,
    0.02131000561878409,
    0.015333009175159028,
    0.009160774995536905,
    0.004094513922287196,
    0.0013943645620733847,
    0.0006397656109713088,
    0.0005659859671606707,
    0.0005873556695788862,
    0.0006125476709717366,
    0.0006311943859076271,
    0.0006476785729268517,
    0.0006657527749977332,
    0.0006871001178762836,
    0.0007127029274585937
  ],
  "val_mse_history": [
    0.48835645989821247,
    0.14594419457812516,
    0.1433150125725942,
    0.11277368361101449,
    0.08948915321402882,
    0.0643459260327594,
    0.038652377581338326,
    0.015603082951050866,
    0.0022103130735568566,
    0.0006070306760691896,
    0.0015073693163548019,
    0.0012507406856628624,
    0.0010597916611875592,
    0.000985098828026515,
    0.0009251874563209402,
    0.000862902652747189,
    0.0008037792026421144,
    0.0007515901625633672,
    0.0007075867716362593,
    0.0006722404576226894
  ],
  "train_r2_history": [
    -4.526903541898637,
    -0.2290540933558738,
    -0.23971824170524392,
    0.04099222071070319,
    0.15118954003267526,
    0.28576752358162183,
    0.42941846668493366,
    0.5894542666012021,
    0.7547176130868609,
    0.8903682113579932,
    0.9626654875620151,
    0.9828700916461285,
    0.9848455628424291,
    0.9842733829101289,
    0.9835988598227517,
    0.9830995886639478,
    0.9826582198124731,
    0.982174277850395,
    0.9816026966012042,
    0.9809171740063265
  ],
  "val_r2_history": [
    -29.26734148681086,
    -8.045324753632594,
    -7.882373393044531,
    -5.989483856303617,
    -4.546355955359121,
    -2.9880298029118597,
    -1.3955958558946087,
    0.03295261001579364,
    0.8630092850536843,
    0.962377471633353,
    0.9065763113805011,
    0.9224816326740181,
    0.9343162653756557,
    0.9389455754668419,
    0.9426587605995497,
    0.9465190462187849,
    0.9501833975710363,
    0.9534179682742917,
    0.9561452090689482,
    0.9583359018198371
  ],
  "epochs": 20,
  "batch_size": 16,
  "learning_rate": 0.001,
  "hidden_dim": 27,
  "layer_dim": 1,
  "model_type": "kalman"
}