{
  "final_train_mse": 0.0008399448663586609,
  "final_val_mse": 0.0005259286575597899,
  "final_train_r2": 0.9775102344729278,
  "final_val_r2": 0.9674040100147748,
  "final_val_rmse_original_scale": 3.6152536869049072,
  "train_mse_history": [
    0.0563536686073452,
    0.036768342560607216,
    0.03577557892371525,
    0.03253804028784691,
    0.029643074455482064,
    0.026227291610240774,
    0.021733607031123328,
    0.015573424238889745,
    0.008188870789901282,
    0.0026414042648672865,
    0.0007394782968053155,
    0.0006224736066707565,
    0.0006802280557931985,
    0.0007152423758508389,
    0.0007351769403435798,
    0.000752499836237213,
    0.0007708483289080415,
    0.0007914395320219634,
    0.0008145541531802982,
    0.0008399448663586609
  ],
  "val_mse_history": [
    0.21077091184989385,
    0.14343810685245167,
    0.12979827765862312,
    0.11351414820338238,
    0.09513354857991697,
    0.07237581852098868,
    0.04355871677938006,
    0.013616769235226703,
    0.00036350444625588945,
    0.0019304385763548215,
    0.0011186389253853974,
    0.0008818878130281363,
    0.0008213991544614842,
    0.0007454489717841986,
    0.0006738435766763344,
    0.0006162048238812755,
    0.0005735711576319654,
    0.0005452353278440002,
    0.000529882523093992,
    0.0005259286575597899
  ],
  "train_r2_history": [
    -0.5088856951574472,
    0.015517046265240864,
    0.042098578353526483,
    0.12878460707011252,
    0.20629815038281063,
    0.2977567191028071,
    0.4180764169599961,
    0.5830170840800208,
    0.7807406279000582,
    0.9292756406303131,
    0.9802002557863021,
    0.9833330900377949,
    0.9817866980412108,
    0.9808491795447885,
    0.9803154258434656,
    0.9798516003205041,
    0.9793603141486734,
    0.9788089787592925,
    0.97819007812555,
    0.9775102344729278
  ],
  "val_r2_history": [
    -12.06315302100624,
    -7.890002526494092,
    -7.044633616830383,
    -6.035376347785684,
    -4.896184115841563,
    -3.4857062298690664,
    -1.69968079415509,
    0.1560602997334989,
    0.9774707327326144,
    0.8803553379389664,
    0.9306690314649755,
    0.9453423845452094,
    0.9490913487450431,
    0.9537985868054513,
    0.958236543756977,
    0.9618088765855128,
    0.9644512246266783,
    0.9662074218042139,
    0.9671589574596359,
    0.9674040100147748
  ],
  "epochs": 20,
  "batch_size": 16,
  "learning_rate": 0.001,
  "hidden_dim": 27,
  "layer_dim": 1,
  "model_type": "kalman"
}