{
  "final_train_mse": 0.001219896635303257,
  "final_val_mse": 0.003113943597308794,
  "final_train_r2": 0.9815940213789028,
  "final_val_r2": 0.8912547246327603,
  "final_val_rmse_original_scale": 6.603317737579346,
  "train_mse_history": [
    0.10420005260621268,
    0.05737836474512541,
    0.05372880454971756,
    0.04806262316514809,
    0.04099584622535013,
    0.03286604511214068,
    0.023700243429735916,
    0.014526534575671794,
    0.007394088361708402,
    0.0034573511623781617,
    0.0019233363335546345,
    0.0014163638588046653,
    0.001217549632119865,
    0.0011146909717123985,
    0.0010493132967154823,
    0.0010022097541348546,
    0.0009659304153617635,
    0.0009372402866781599,
    0.0009146401510306753,
    0.0008974170901435806,
    0.0008852345119439305,
    0.000877944316730728,
    0.0008754856618167251,
    0.000877844770701941,
    0.0008850191904007678,
    0.0008970151664562611,
    0.0009138368099354728,
    0.000935490279351465,
    0.000961974301160195,
    0.0009932831153912352,
    0.0010293935445708183,
    0.0010702522451055939,
    0.0011157597024015107,
    0.001165736245758554,
    0.001219896635303257
  ],
  "val_mse_history": [
    0.41239271984874076,
    0.23586779111001985,
    0.18068346469274196,
    0.1419536032633833,
    0.10165445307471717,
    0.0599342518427718,
    0.023881016246360527,
    0.004534859006845265,
    0.0009495539607506315,
    0.0009987348941136497,
    0.0009154077887802098,
    0.0008397223237416198,
    0.0008090876367948955,
    0.0008134340747512177,
    0.0008451438211802991,
    0.0008990804602105737,
    0.0009712004949512801,
    0.0010580072057419718,
    0.00115637293156322,
    0.0012635394702404587,
    0.0013771275150652555,
    0.0014951715109002076,
    0.0016161295087014714,
    0.0017388681363504923,
    0.0018626302103252623,
    0.0019869735765127047,
    0.002111703831240479,
    0.002236770958295791,
    0.002362200390171615,
    0.002487993848665038,
    0.0026140786341119406,
    0.0027402358680081603,
    0.002866047397565372,
    0.00299089335102828,
    0.003113943597308794
  ],
  "train_r2_history": [
    -0.5721856139970247,
    0.13426685159291663,
    0.18933194890453042,
    0.274824121281675,
    0.381448683978046,
    0.5041123106764724,
    0.6424072652892624,
    0.780821524463032,
    0.8884369147601786,
    0.9478349806542924,
    0.970980420461783,
    0.9786296952131746,
    0.9816294333057555,
    0.9831813797983235,
    0.9841678077082514,
    0.9848785128390197,
    0.985425900801672,
    0.9858587816539548,
    0.9861997758017566,
    0.9864596398601561,
    0.986643452379515,
    0.9867534479097547,
    0.9867905444542275,
    0.9867549498747775,
    0.9866467011824097,
    0.9864657041434584,
    0.9862118967295432,
    0.9858851860201198,
    0.9854855912306063,
    0.9850131992682781,
    0.9844683598382449,
    0.9838518777964349,
    0.9831652546335791,
    0.9824112012474433,
    0.9815940213789028
  ],
  "val_r2_history": [
    -13.401596714260942,
    -7.2369853830008655,
    -5.309835906886757,
    -3.957309981333524,
    -2.5499812846546064,
    -1.0930265808939104,
    0.16602609950790548,
    0.8416334541585171,
    0.9668396347875017,
    0.9651221360678712,
    0.9680320889080162,
    0.9706751800494332,
    0.97174500593539,
    0.9715932194377684,
    0.9704858502772493,
    0.9686022725949818,
    0.9660836935673619,
    0.963052225792282,
    0.9596170935855283,
    0.9558746190048448,
    0.95190789230383,
    0.9477855546855073,
    0.9435614541622556,
    0.939275170405085,
    0.9349531458102791,
    0.9306108213032362,
    0.9262549858575589,
    0.9218873861416317,
    0.9175071340008154,
    0.9131141693064365,
    0.9087110308793653,
    0.9043053624043581,
    0.8999117666314942,
    0.8955518907494959,
    0.8912547246327603
  ],
  "epochs": 35,
  "batch_size": 8,
  "learning_rate": 0.0004485480009964587,
  "hidden_dim": 25,
  "layer_dim": 1,
  "model_type": "kalman"
}