{
  "final_train_mse": 0.00064189319521075,
  "final_val_mse": 0.00048601250838441374,
  "final_train_r2": 0.9828131249658134,
  "final_val_r2": 0.9698779318672295,
  "final_val_rmse_original_scale": 3.4753570556640625,
  "train_mse_history": [
    0.0673829025092966,
    0.03918580798595771,
    0.03607908509426411,
    0.03122798250917158,
    0.026955983559393114,
    0.022152105940796814,
    0.016715936865826907,
    0.01081165309101657,
    0.0053974328371607285,
    0.0019400635291498178,
    0.0007008177836108507,
    0.000514356329278164,
    0.000522049974410339,
    0.0005457585418854045,
    0.0005623694910567876,
    0.0005740181864918501,
    0.000586012931462806,
    0.0006007146108385408,
    0.0006191001170051455,
    0.00064189319521075
  ],
  "val_mse_history": [
    0.2122461786159145,
    0.14020107906807142,
    0.1219271761779199,
    0.09864493309299216,
    0.07506886632625492,
    0.04997190417691642,
    0.02543720323210131,
    0.007072907282552893,
    0.00044780630537883173,
    0.0009061829044079819,
    0.0009912456251822193,
    0.0007970888795405315,
    0.0007197433012041984,
    0.0006741995080899621,
    0.0006279338179563909,
    0.000583885204804539,
    0.0005467215933566333,
    0.0005179035352636804,
    0.0004976749469311903,
    0.00048601250838441374
  ],
  "train_r2_history": [
    -0.8041966070193756,
    -0.049211286228335815,
    0.03397211329010563,
    0.16386178111970573,
    0.2782457824517537,
    0.40687098821239887,
    0.552425979686552,
    0.7105148769691034,
    0.8554821824412087,
    0.9480542406701579,
    0.981235402153312,
    0.9862279612553857,
    0.9860219616927939,
    0.9853871579754874,
    0.9849423950309074,
    0.9846304978582197,
    0.9843093351096177,
    0.9839156934132909,
    0.9834234161944586,
    0.9828131249658134
  ],
  "val_r2_history": [
    -12.154587058759313,
    -7.689378119124621,
    -6.556798734000242,
    -5.11381259601135,
    -3.6526158630073056,
    -2.0971571232705126,
    -0.5765461909849459,
    0.5616355723640886,
    0.972245874729141,
    0.9438366241270911,
    0.9385646094638517,
    0.9505980502082,
    0.9553917720573767,
    0.9582144838508904,
    0.9610819373554219,
    0.9638119809317175,
    0.9661153060864852,
    0.9679013907949131,
    0.9691551176136045,
    0.9698779318672295
  ],
  "epochs": 20,
  "batch_size": 16,
  "learning_rate": 0.001,
  "hidden_dim": 27,
  "layer_dim": 1,
  "model_type": "kalman"
}