{
  "final_train_mse": 0.002364030637791337,
  "final_val_mse": 0.000983460523325596,
  "final_train_r2": 0.9643311604282035,
  "final_val_r2": 0.9656555483168419,
  "final_val_rmse_original_scale": 3.7109508514404297,
  "train_mse_history": [
    0.195921007768211,
    0.0685159050018951,
    0.07310011595137669,
    0.06372326285892359,
    0.05577282870287069,
    0.0465365658529333,
    0.03618200151135699,
    0.025619678391606934,
    0.01642271992255323,
    0.009824577921804764,
    0.005971037459072635,
    0.004065858812866307,
    0.0031535762913764403,
    0.0026672402339576007,
    0.002364030637791337
  ],
  "val_mse_history": [
    0.5221526824762343,
    0.19896984509893278,
    0.19102543873268846,
    0.1491460741178408,
    0.10517057664179255,
    0.05994906701874279,
    0.02297819527185364,
    0.004181379998674006,
    0.0014592827700865081,
    0.002645861167187601,
    0.0024974240056363133,
    0.0018643806052859111,
    0.0013898155497011793,
    0.0011157697350728253,
    0.000983460523325596
  ],
  "train_r2_history": [
    -1.956084782961189,
    -0.0337779826374458,
    -0.10294522704892195,
    0.038534102066496434,
    0.15849141391560473,
    0.29784949691623597,
    0.4540806761705757,
    0.6134465502168727,
    0.7522116029776257,
    0.8517653332611341,
    0.9099081146410896,
    0.9386537283403416,
    0.9524183802796994,
    0.9597562897520824,
    0.9643311604282035
  ],
  "val_r2_history": [
    -17.23463896028628,
    -5.948433688317325,
    -5.670998779517717,
    -4.20848576509364,
    -2.672771506628218,
    -1.093543957121268,
    0.1975544533178204,
    0.8539776636404561,
    0.9490388628718669,
    0.9076011198603706,
    0.9127848489496119,
    0.9348920184404187,
    0.9514648001998031,
    0.9610350402005389,
    0.9656555483168419
  ],
  "epochs": 15,
  "batch_size": 8,
  "learning_rate": 0.00028718493624657664,
  "hidden_dim": 41,
  "layer_dim": 2,
  "model_type": "kalman"
}