{
  "final_train_mse": 0.00136802777109538,
  "final_val_mse": 0.002058361745659698,
  "final_train_r2": 0.9796440956248645,
  "final_val_r2": 0.9211030799215514,
  "final_val_rmse_original_scale": 5.361728191375732,
  "train_mse_history": [
    0.2811815627878178,
    0.12148315585880977,
    0.05768088652692359,
    0.07162938565579728,
    0.05877595575189346,
    0.055458468248465176,
    0.0523242077993014,
    0.04798081215899372,
    0.04354076896318084,
    0.038647904871539976,
    0.033224199321732255,
    0.02735286990672734,
    0.0212074932888475,
    0.015207509267676136,
    0.010013226566403029,
    0.006331933356045397,
    0.004402579541949802,
    0.003632529082848663,
    0.003206586830258334,
    0.002881001328346068,
    0.0026727769955586134,
    0.0025355818392132786,
    0.002434159564141545,
    0.002356684574144338,
    0.002296859391713136,
    0.002248951107022496,
    0.0022087023461723095,
    0.0021736152347387222,
    0.002142177906059449,
    0.0021133435954001295,
    0.0020864023767714636,
    0.002060903777988057,
    0.002036521042301598,
    0.002012983497737347,
    0.001990087901892885,
    0.0019677075980378,
    0.0019457659455751767,
    0.0019241937299590743,
    0.001902929964572901,
    0.001881938168507685,
    0.0018612080624013886,
    0.0018407438004835062,
    0.001820546148109109,
    0.0018006135593342275,
    0.0017809515595771696,
    0.0017615768383924168,
    0.0017425110188809365,
    0.0017237716301494329,
    0.001705370507038795,
    0.0016873199953281984,
    0.0016696372387822434,
    0.0016523422471555367,
    0.0016354531122088887,
    0.001618986579410826,
    0.0016029524063957744,
    0.0015873609823504604,
    0.0015722242185865264,
    0.0015575574692428637,
    0.0015433724336652431,
    0.0015296800474871879,
    0.0015164844428558267,
    0.001503789040261046,
    0.0014915982559115986,
    0.001479916441768994,
    0.001468746784827429,
    0.0014580911829574898,
    0.0014479487581086135,
    0.0014383138403062088,
    0.001429180158117786,
    0.0014205397494061757,
    0.001412384427004046,
    0.0014047075346323085,
    0.0013974992330106977,
    0.0013907500905616932,
    0.0013844461774118377,
    0.0013785698092742737,
    0.0013731032385270571,
    0.00136802777109538
  ],
  "val_mse_history": [
    0.9091065340088565,
    0.45386701610423213,
    0.23475375369674636,
    0.2643482385817308,
    0.24440836951876158,
    0.21710014074347378,
    0.19754596216904793,
    0.17454168369610046,
    0.14941129102022896,
    0.12277055993669866,
    0.09472985097303721,
    0.06675388139520418,
    0.04126434355010299,
    0.021495763279139782,
    0.009980570958254395,
    0.006135542682582421,
    0.006177261291993202,
    0.006857397065241081,
    0.007243678102045139,
    0.00738812785979836,
    0.007525679208827915,
    0.0077073515242785185,
    0.007860262579680038,
    0.007949379391785397,
    0.00798283786723197,
    0.007973965716578676,
    0.007929028446618509,
    0.007851803741947168,
    0.007747182585854892,
    0.007620658565839715,
    0.007476835370790709,
    0.007319344074381998,
    0.0071510423525797525,
    0.006974367442771621,
    0.0067914665659632965,
    0.006604265562789426,
    0.006414379316785424,
    0.006223133877541763,
    0.0060316268769791525,
    0.00584086277228353,
    0.005651771828990501,
    0.005465138676532413,
    0.005281623143620547,
    0.00510173837497538,
    0.004925953840105864,
    0.004754680596671781,
    0.0045882926394055215,
    0.004427067689091369,
    0.0042712091076646365,
    0.004120877696116323,
    0.0039762209881035815,
    0.00383734018927277,
    0.00370433380553875,
    0.0035772268591703436,
    0.003456016713864966,
    0.003340684938218724,
    0.003231186604612169,
    0.0031274835436997266,
    0.003029510824058934,
    0.002937171032396021,
    0.002850350538011613,
    0.0027689155003256132,
    0.002692733581520415,
    0.002621651420468235,
    0.002555517772462269,
    0.002494163100231871,
    0.0024374011174828287,
    0.0023850400351909753,
    0.002336883910109538,
    0.002292719859280346,
    0.002252352529827906,
    0.002215568314842738,
    0.0021821586317436687,
    0.00215191563904233,
    0.002124624730025756,
    0.0021000739294609653,
    0.002078053392327546,
    0.002058361745659698
  ],
  "train_r2_history": [
    -3.1839099505830797,
    -0.8076383799369449,
    0.14172311759800493,
    -0.0658269924532453,
    0.12542876678245685,
    0.17479213484582679,
    0.22142913106620443,
    0.28605775059100413,
    0.3521244610957692,
    0.42492903105725965,
    0.5056323865471678,
    0.5929962710033021,
    0.6844379079538384,
    0.7737161401417063,
    0.8510057421502049,
    0.9057824463591215,
    0.9344907391111658,
    0.9459488935731478,
    0.9522868056727802,
    0.9571314349141514,
    0.9602297598870457,
    0.9622711888275279,
    0.963780326417049,
    0.9649331345114235,
    0.9658233179700674,
    0.9665361810292423,
    0.9671350723269154,
    0.9676571595975342,
    0.9681249390314944,
    0.9685539862211097,
    0.9689548646840634,
    0.9693342773316,
    0.9696970862208087,
    0.97004731888165,
    0.9703879995092431,
    0.9707210127234382,
    0.9710474989167733,
    0.9713684879840416,
    0.9716848873905461,
    0.9719972399629093,
    0.9723056986554169,
    0.9726102016541935,
    0.9729107375709507,
    0.9732073294089406,
    0.9734998949513478,
    0.9737881858618576,
    0.9740718803942415,
    0.9743507177198623,
    0.9746245217393049,
    0.974893108750524,
    0.9751562236586739,
    0.9754135687237088,
    0.9756648747448412,
    0.9759098925537699,
    0.9761484769593829,
    0.9763804733732309,
    0.9766057045580342,
    0.9768239420481215,
    0.9770350117602113,
    0.9772387509748653,
    0.9774350982067882,
    0.9776240025599624,
    0.9778053983223282,
    0.9779792207378077,
    0.9781454223847403,
    0.9783039750232955,
    0.9784548917186419,
    0.9785982568385553,
    0.978734163700352,
    0.9788627307786029,
    0.9789840798962697,
    0.979098310097088,
    0.9792055677870392,
    0.9793059933055913,
    0.9793997939257095,
    0.9794872327850724,
    0.9795685739637687,
    0.9796440956248645
  ],