{
  "final_train_mse": 0.0016208009356218746,
  "final_val_mse": 0.002510192634169269,
  "final_train_r2": 0.9758828953960259,
  "final_val_r2": 0.9037844207622067,
  "final_val_rmse_original_scale": 5.9210333824157715,
  "train_mse_history": [
    0.20237912844748188,
    0.07206448817618456,
    0.08646268489752514,
    0.06899799789312973,
    0.06581856807554147,
    0.059334847010892124,
    0.05249108369857232,
    0.044187516435416095,
    0.03437014873872881,
    0.023531408636412607,
    0.01353746105829195,
    0.007266046351648612,
    0.005623847382687423,
    0.005636091487216102,
    0.004948688571141244,
    0.0040302171687244225,
    0.003386080868668403,
    0.003023099132251739,
    0.002814500567881907,
    0.0026764180076056803,
    0.002571862937388217,
    0.002485635012420339,
    0.0024108049390428286,
    0.0023436926083827887,
    0.0022821066789733484,
    0.002224655202411601,
    0.0021704260785138166,
    0.002118822016540455,
    0.002069456308528892,
    0.00202209614955003,
    0.001976620134596172,
    0.0019329907246875592,
    0.0018912365766801263,
    0.0018514377662396612,
    0.0018137161877278915,
    0.0017782296458479063,
    0.0017451625534714993,
    0.0017147239256414828,
    0.0016871377880278834,
    0.0016626424054616753,
    0.0016414849527335053,
    0.0016239151496926763,
    0.001610183125672283,
    0.0016005344372356672,
    0.00159520264851019,
    0.0015944020710822926,
    0.0015983187686347082,
    0.0016070933270984173,
    0.0016208009356218746
  ],
  "val_mse_history": [
    0.6969752735438816,
    0.2812616813278546,
    0.30601440967603283,
    0.2555257629853154,
    0.22673340248384807,
    0.1894302337862655,
    0.1471952974521097,
    0.09973712768144075,
    0.05263728660915908,
    0.018086465630250393,
    0.00678734878851634,
    0.008248180097097569,
    0.008350658560120653,
    0.00730166676802139,
    0.00629395425177835,
    0.005778995600100298,
    0.0055903441126014825,
    0.005478322788330877,
    0.0053438743356879845,
    0.005177199311894274,
    0.004989330506350393,
    0.00478974482920351,
    0.004584571228620899,
    0.004378153872910354,
    0.004173940607394029,
    0.003974783143653203,
    0.0037830596001907817,
    0.0036007679338037574,
    0.0034295242460543095,
    0.003270628992264043,
    0.0031250436649858707,
    0.002993440303901534,
    0.0028761958740498275,
    0.002773416361364804,
    0.0026849488300952225,
    0.0026104161444401044,
    0.0025492326115472926,
    0.0025006267349813754,
    0.002463685516911907,
    0.0024373870271406513,
    0.002420643501826007,
    0.002412341121336284,
    0.0024113946509927127,
    0.002416774849151516,
    0.0024275471171498458,
    0.0024428978448044585,
    0.0024621437969624595,
    0.00248472719690183,
    0.002510192634169269
  ],
  "train_r2_history": [
    -2.011349822892568,
    -0.07230120700174969,
    -0.2865427025521805,
    -0.026672613571101955,
    0.020636491332857054,
    0.11711260737060047,
    0.21894606023983243,
    0.3425010236350371,
    0.48858095144914615,
    0.6498586402003281,
    0.7985660316207882,
    0.8918830831913365,
    0.9163185850747183,
    0.9161363959216828,
    0.926364776019263,
    0.9400313962691745,
    0.9496159801537509,
    0.9550170558281885,
    0.9581209492715963,
    0.9601755825562746,
    0.9617313353386747,
    0.9630143848733395,
    0.9641278372828891,
    0.9651264516488931,
    0.9660428345735677,
    0.9668976978941893,
    0.9677046134288987,
    0.9684724687115859,
    0.9692070178581208,
    0.9699117249464813,
    0.9705883964522225,
    0.9712375909457907,
    0.9718588820204769,
    0.9724510781707945,
    0.973012365639725,
    0.973540396333528,
    0.974032426235698,
    0.9744853452556986,
    0.9748958199486882,
    0.9752603049947417,
    0.9755751224960058,
    0.9758365566848035,
    0.9760408857004436,
    0.9761844557238825,
    0.9762637913804659,
    0.976275703768439,
    0.9762174243076503,
    0.9760868611152976,
    0.9758828953960259
  ],
  "val_r2_history": [
    -25.715033239127102,
    -9.780748544149516,
    -10.729519591963497,
    -8.79429186475469,
    -7.690681884563334,
    -6.260852980284506,
    -4.641989627668955,
    -2.8229199547306436,
    -1.0175850058942015,
    0.3067465248319915,
    0.7398412033058344,
    0.6838476000219327,
    0.6799196047976027,
    0.720127416548243,
    0.758752995372629,
    0.7784913390679582,
    0.7857223427354424,
    0.7900161154343843,
    0.7951695190308147,
    0.8015581657587547,
    0.8087591692594678,
    0.8164092799612744,
    0.8242735755359017,
    0.8321855441928396,
    0.8400130301643285,
    0.8476467274640958,
    0.8549954829088602,
    0.8619827148977129,
    0.8685464783250093,
    0.8746369267923741,
    0.8802172063302546,
    0.885261557685608,
    0.88975553180418,
    0.8936950662495277,
    0.8970860230426334,
    0.8999428577830592,
    0.9022880200534618,
    0.9041510812801147,
    0.9055670366318759,
    0.9065750566507291,
    0.9072168352794694,
    0.907535065178242,
    0.9075713433471356,
    0.9073651205755376,
    0.9069522199913134,
    0.9063638272389384,
    0.905626130693399,
    0.9047605099132455,
    0.9037844207622067
  ],
  "epochs": 49,
  "batch_size": 16,
  "learning_rate": 0.0002589983780169961,
  "hidden_dim": 84,
  "layer_dim": 2,
  "model_type": "enriched"
}