{
  "final_train_mse": 0.001437234926767717,
  "final_val_mse": 0.00235518404894468,
  "final_train_r2": 0.9606832925672107,
  "final_val_r2": 0.8340347795012428,
  "final_val_rmse_original_scale": 7.776485919952393,
  "train_mse_history": [
    0.040482143523212964,
    0.079995487575231,
    0.04464685895752019,
    0.048012173690524414,
    0.04092303233225501,
    0.034897603349323104,
    0.023626772282900044,
    0.011715875112971562,
    0.007227666316686904,
    0.00699979294865737,
    0.006088999190071927,
    0.005307962625034982,
    0.004371315629345569,
    0.0035000221613985492,
    0.002642014833779133,
    0.0018530499243852984,
    0.001457529349813227,
    0.001651718449046641,
    0.0017486030320117555,
    0.0013366842886327946,
    0.0009809537094710497,
    0.0008858543624533114,
    0.000907371638587609,
    0.0009409120571748053,
    0.0009208620234650439,
    0.0008482902541449495,
    0.0007740773794387719,
    0.0007377574945767841,
    0.000758326998618646,
    0.0008444695735622035,
    0.0009898802521534293,
    0.0011676616729251893,
    0.0013366661103432344,
    0.0014558821290107913,
    0.00149858902799256,
    0.0014594375138618978,
    0.0013523864878528108,
    0.001203721272154376,
    0.0010445646352512643,
    0.0009044190051223747,
    0.0008060533724871543,
    0.0007622117351703894,
    0.0007749657733910244,
    0.0008374735352069166,
    0.0009356992170389164,
    0.0010495238882316327,
    0.0011603344936110473,
    0.001260045769547213,
    0.0013502420868235616,
    0.001437234926767717
  ],
  "val_mse_history": [
    0.011553566634210363,
    0.23649730040096006,
    0.14772507602074175,
    0.14747770768289048,
    0.10384334254469411,
    0.05104989502832202,
    0.008079089834593675,
    0.012069576945625455,
    0.009303214073431713,
    0.007219903719122831,
    0.005583194888529602,
    0.004585209863479051,
    0.004004117146721802,
    0.003714398214562405,
    0.003617734694445547,
    0.002913150940132813,
    0.001545538968826138,
    0.0012802829437259318,
    0.0014769973781490016,
    0.0015748643417718528,
    0.0018305429029505365,
    0.0019971694627166805,
    0.002046961756322236,
    0.0020816487646333087,
    0.002155595256774673,
    0.002252829672834609,
    0.002307106991700608,
    0.002271859576447481,
    0.0021762536043926483,
    0.0020943659863404233,
    0.002083125533986885,
    0.0021475518977896392,
    0.0022507920747664558,
    0.0023489789221669164,
    0.0024160416366408996,
    0.002446117029771981,
    0.0024429307473913,
    0.002407132903263931,
    0.0023270252701319875,
    0.0021786863712435042,
    0.0019444563971455708,
    0.0016488485644242405,
    0.0013771936839516157,
    0.0012265356816282208,
    0.0012265760970852795,
    0.0013405884578853488,
    0.0015264596313610147,
    0.0017620127343608014,
    0.002039849363027845,
    0.00235518404894468
  ],
  "train_r2_history": [
    -0.10742131541003319,
    -1.1883403487918422,
    -0.22135042694347629,
    -0.3134112948729446,
    -0.11948218033382196,
    0.045348234003353305,
    0.3536708048718007,
    0.679502894372504,
    0.802281424767427,
    0.8085150824497451,
    0.8334305719573987,
    0.8547964499707648,
    0.8804191753940479,
    0.9042541029548571,
    0.9277255775530067,
    0.9493083417480963,
    0.9601281224425937,
    0.9548159247920902,
    0.9521655697720144,
    0.9634339354496669,
    0.973165229092282,
    0.97576674755952,
    0.9751781253135903,
    0.9742606004189428,
    0.9748090850784112,
    0.9767943436948678,
    0.9788244960577325,
    0.9798180554685957,
    0.9792553602839815,
    0.9768988614587131,
    0.9729210363994292,
    0.9680576838762696,
    0.9634344327312727,
    0.9601731834810923,
    0.9590049022061555,
    0.9600759230935255,
    0.9630043892695075,
    0.9670712447864361,
    0.9714251014959856,
    0.9752588969563794,
    0.9779497672711287,
    0.979149090218028,
    0.978800193332788,
    0.9770902436663679,
    0.9744032018174335,
    0.9712894371763375,
    0.9682581247088965,
    0.9655304432486713,
    0.9630630510695483,
    0.9606832925672107
  ],
  "val_r2_history": [
    0.18584272220550946,
    -15.665502904536737,
    -9.409897615417295,
    -9.392466051733644,
    -6.31763755383813,
    -2.5973864074912814,
    0.43068231698137593,
    0.14948048327475072,
    0.34442067245823893,
    0.49122748463716215,
    0.6065631596063368,
    0.6768892153603188,
    0.7178376842963462,
    0.7382536116545686,
    0.7450653011433663,
    0.7947159423307302,
    0.8910888871442604,
    0.909780961215544,
    0.8959188791846547,
    0.8890223853821901,
    0.8710052164896618,
    0.859263368227345,
    0.8557546025361508,
    0.853310276800602,
    0.848099411909236,
    0.8412474924982302,
    0.8374226758357222,
    0.8399064923540607,
    0.8466436584962093,
    0.8524141190223177,
    0.853206211748233,
    0.8486662117090648,
    0.8413910780548751,
    0.8344720426673022,
    0.8297462641448522,
    0.8276269099250309,
    0.8278514410219182,
    0.8303740451880941,
    0.8360190736529964,
    0.846472226167171,
    0.8629779550149868,
    0.8838088616953961,
    0.9029518506084726,
    0.9135684258127368,
    0.9135655778144051,
    0.9055313494031494,
    0.8924333707954588,
    0.875834403637863,
    0.8562557990018395,
    0.8340347795012428
  ],
  "epochs": 50,
  "batch_size": 16,
  "learning_rate": 0.001,
  "hidden_dim": 64,
  "layer_dim": 2,
  "model_type": "enriched"
}