{
  "final_train_mse": 0.002176588846436831,
  "final_val_mse": 0.004438939453157665,
  "final_train_r2": 0.9404576765544609,
  "final_val_r2": 0.6871966055247137,
  "final_val_rmse_original_scale": 10.676048278808594,
  "train_mse_history": [
    0.052519322880302734,
    0.08024795456018008,
    0.04595856392746868,
    0.05444213653389977,
    0.047926582219290415,
    0.04867443259242966,
    0.043154565264587344,
    0.04206968876293552,
    0.01486267047120705,
    0.013453132714110498,
    0.014785545416570182,
    0.004475928654344699,
    0.0019639822945322427,
    0.0013002137615087505,
    0.001064375773680498,
    0.0009362897147435028,
    0.000881427047883692,
    0.000883931108162693,
    0.0009440731646922157,
    0.001085264316272888,
    0.0013545123012132232,
    0.0017976683831058867,
    0.0023600768782818626,
    0.002770088790786552,
    0.0027454110249240404,
    0.002371698425330867,
    0.001921040793971361,
    0.0015556994729667916,
    0.0013058328681346488,
    0.0011446999067701458,
    0.0010423778749351408,
    0.0009800301260022948,
    0.00094805416142899,
    0.0009431250082634287,
    0.0009670842152360861,
    0.001026923009941051,
    0.0011343648838841142,
    0.001301595507024337,
    0.0015267608618099182,
    0.001767415804622388,
    0.0019283972270345054,
    0.0019134451129953565,
    0.0017121609020394396,
    0.0014066679105911872,
    0.0010951717989753445,
    0.0008399724342342675,
    0.0006836595692327974,
    0.0007050130946782386,
    0.0010855612291162087,
    0.002176588846436831
  ],
  "val_mse_history": [
    0.0581040776844121,
    0.27441962734603687,
    0.1875377102745285,
    0.2122044897288502,
    0.1920226321181832,
    0.19113344320294606,
    0.1193600158897115,
    0.13406078160640478,
    0.006134392006122315,
    0.017289223381865847,
    0.010997863394220757,
    0.005659084693208386,
    0.0052851729432810916,
    0.00503322807839702,
    0.0045499791853577855,
    0.004179778021649494,
    0.00391339522159909,
    0.003687782058357177,
    0.003485842505612243,
    0.003311333254663051,
    0.003178824116965388,
    0.003113606844527254,
    0.0031108307558517785,
    0.003072173940303828,
    0.0029054991332324955,
    0.002658098596364348,
    0.0024222328920421522,
    0.0022309935551835746,
    0.0020796215174905073,
    0.001961268959040109,
    0.0018702792088683762,
    0.0018002883107054262,
    0.001746158839353487,
    0.0017055610063459027,
    0.00167936838742255,
    0.001672032933998817,
    0.0016919239694135199,
    0.001749211684289581,
    0.0018450936446678372,
    0.0019487509169907487,
    0.0019890483488807674,
    0.0019069365603013736,
    0.0017204876216350344,
    0.00150475026602407,
    0.0013183520137571574,
    0.001182449631156765,
    0.001126275144352414,
    0.0012971812005260059,
    0.0022665639243878467,
    0.004438939453157665
  ],
  "train_r2_history": [
    -0.43670795483442837,
    -1.195246784475259,
    -0.2572331623133879,
    -0.48930805552657186,
    -0.31106987192908586,
    -0.33152791520134617,
    -0.1805275430599147,
    -0.15084988130695476,
    0.5934197981810909,
    0.6319788274525746,
    0.5955296155480507,
    0.8775574026796874,
    0.9462736983083476,
    0.9644316157997266,
    0.9708831520074045,
    0.974387048281878,
    0.9758878602797891,
    0.9758193597141892,
    0.9741741258022251,
    0.9703117292688481,
    0.9629462359499691,
    0.9508233479694914,
    0.9354382151350994,
    0.9242220123364663,
    0.9248970922989977,
    0.9351202984488762,
    0.9474483972965458,
    0.9574426004456089,
    0.9642779006574562,
    0.968685821298513,
    0.9714849220680948,
    0.9731904944545094,
    0.9740652224621549,
    0.9742000633773681,
    0.9735446401662274,
    0.9719077022232866,
    0.9689685440904194,
    0.9643938170493824,
    0.9582342392286469,
    0.9516509313764702,
    0.9472471562042889,
    0.9476561832062287,
    0.9531624732953454,
    0.9615194776680062,
    0.970040702179572,
    0.9770218842909223,
    0.9812979473525578,
    0.980713804637292,
    0.970303606981269,
    0.9404576765544609
  ],
  "val_r2_history": [
    -3.0944808831782638,
    -18.337815225981753,
    -12.215416201332825,
    -13.953635977814876,
    -12.531459885067594,
    -12.468800478704637,
    -7.411067222006492,
    -8.447001472989896,
    0.5677213751604272,
    -0.21833780765854383,
    0.2250020442967381,
    0.6012153532755469,
    0.627564184082025,
    0.645318246688194,
    0.679371852445661,
    0.7054592054876764,
    0.7242306811892256,
    0.7401292002037563,
    0.7543594861186728,
    0.76665681223458,
    0.7759944723915206,
    0.7805902062176615,
    0.7807858317652088,
    0.7835099020641181,
    0.7952551502198096,
    0.8126889829052982,
    0.8293099784676061,
    0.8427862410654238,
    0.8534531329477516,
    0.8617932066114696,
    0.8682050766125191,
    0.8731371985210914,
    0.8769515966580146,
    0.8798124466666983,
    0.8816581893707567,
    0.8821751044481468,
    0.8807734220276036,
    0.8767364686372577,
    0.8699798541369342,
    0.8626753285882492,
    0.859835647259668,
    0.8656219046450442,
    0.8787605972374061,
    0.8939631873746126,
    0.9070983081953921,
    0.9166750836939724,
    0.9206335900761238,
    0.9085901740593871,
    0.8402796666128435,
    0.6871966055247137
  ],
  "epochs": 50,
  "batch_size": 16,
  "learning_rate": 0.001,
  "hidden_dim": 64,
  "layer_dim": 2,
  "model_type": "enriched"
}