{
  "final_train_mse": 0.0012557062594844043,
  "final_val_mse": 0.002007623314570331,
  "final_train_r2": 0.9656491540066438,
  "final_val_r2": 0.8585267057025074,
  "final_val_rmse_original_scale": 7.179795265197754,
  "train_mse_history": [
    0.05038878802117742,
    0.07526950261784324,
    0.07154792759766104,
    0.06017675750404396,
    0.05812185589397407,
    0.055296884558377515,
    0.05339105335049193,
    0.05109264282971866,
    0.047091316941636645,
    0.03916824214023687,
    0.01985654452173466,
    0.020280686550369135,
    0.007744049509128175,
    0.004388457480203814,
    0.0028606051781258175,
    0.002222272511211854,
    0.0019269974291718597,
    0.0018014730876753492,
    0.0017790731011843501,
    0.0018308834365198003,
    0.0019404679474097593,
    0.0020911522636370247,
    0.0022590652500216264,
    0.0024129629436697455,
    0.0025220112649499164,
    0.0025670168370298474,
    0.0025465699145645277,
    0.00247437307858318,
    0.002371366702429492,
    0.0022580725068621454,
    0.0021501398156500273,
    0.0020572376529188925,
    0.001983999114377196,
    0.0019315621387051734,
    0.0018988670455409304,
    0.0018834730133251427,
    0.0018819485771483476,
    0.0018900215847796036,
    0.0019026711347998992,
    0.001914329345393416,
    0.0019192829241871602,
    0.0019122966440740991,
    0.0018892847700142609,
    0.001847865503569754,
    0.0017875255830404912,
    0.001709336895906438,
    0.0016152981992676434,
    0.0015075063910051042,
    0.001387458006344864,
    0.0012557062594844043
  ],
  "val_mse_history": [
    0.013657894921829089,
    0.1900965371022501,
    0.21167725112890326,
    0.19478103654742565,
    0.19345481352222826,
    0.18751968736549732,
    0.18084611765625547,
    0.16843475183545745,
    0.1314828043052196,
    0.0668995282683751,
    0.014227762727409903,
    0.012444678354322992,
    0.010281068004032607,
    0.010201450161501367,
    0.010254792130993581,
    0.009827627734303845,
    0.0092613104644028,
    0.008689215951014441,
    0.008151666833182858,
    0.007656946324232412,
    0.007206362463656757,
    0.006802601441771309,
    0.006449006186141282,
    0.006145007813523104,
    0.005883154602464956,
    0.005651107340931062,
    0.005436682287898892,
    0.005231357956894577,
    0.005030774040697239,
    0.004833649915254846,
    0.004640550619384365,
    0.004452929524272576,
    0.004272386276263636,
    0.004100292745957234,
    0.00393761519643084,
    0.00378485995200874,
    0.003642039637526317,
    0.0035086079822589274,
    0.0033834138898998184,
    0.0032647081163512193,
    0.003150247313562102,
    0.003037520289768967,
    0.002924044957543582,
    0.0028076707795912773,
    0.0026867833346618884,
    0.002560418493659837,
    0.002428310606570712,
    0.0022909682993088503,
    0.0021498301338154944,
    0.002007623314570331
  ],
  "train_r2_history": [
    -0.3784254749339613,
    -1.0590572619138627,
    -0.9572506097566207,
    -0.6461831847917379,
    -0.589969712727026,
    -0.5126903692884037,
    -0.46055483694002586,
    -0.397679984455807,
    -0.28822052424162314,
    -0.07147849541039286,
    0.45680839155297703,
    0.445205648160653,
    0.7881553507886359,
    0.8799502463953868,
    0.9217458643855572,
    0.9392079634776596,
    0.9472854487909813,
    0.9507192672422284,
    0.9513320367338144,
    0.9499147236985963,
    0.946916952023568,
    0.9427948624016986,
    0.9382014687700142,
    0.9339914746465399,
    0.9310083708658299,
    0.929777207555395,
    0.9303365494232396,
    0.9323115514392535,
    0.93512937299335,
    0.9382286260507275,
    0.9411812108813536,
    0.9437226236204581,
    0.9457261222406349,
    0.9471605775219254,
    0.948054977865589,
    0.9484760938916239,
    0.9485177960587831,
    0.9482969524978389,
    0.9479509139706352,
    0.9476319943239174,
    0.9474964852261689,
    0.9476876004893268,
    0.9483171086532604,
    0.9494501657134181,
    0.9511008123528664,
    0.9532397262348975,
    0.9558122297652865,
    0.9587609606304908,
    0.9620449799161064,
    0.9656491540066438
  ],
  "val_r2_history": [
    0.03755481731208721,
    -12.39573173075875,
    -13.916482503318964,
    -12.72583925831832,
    -12.632382911708786,
    -12.214146162130271,
    -11.743872737510042,
    -10.869268026229635,
    -8.265336447097885,
    -3.7142791092266387,
    -0.0026026540544252796,
    0.12304781953801391,
    0.27551321561618314,
    0.28112372949396414,
    0.2773648250751862,
    0.30746626590211334,
    0.34737353795310066,
    0.38768792107028116,
    0.42556795762615307,
    0.460429945754006,
    0.49218171046518777,
    0.5206339611740223,
    0.5455511283033799,
    0.5669732999444653,
    0.5854255843555483,
    0.6017775017115876,
    0.6168876164488573,
    0.6313564210775913,
    0.6454911779324162,
    0.6593821300893532,
    0.6729894603664325,
    0.686210752534405,
    0.6989332826393418,
    0.7110603776392037,
    0.7225239468619331,
    0.7332883106211966,
    0.7433525792694995,
    0.7527552474379975,
    0.7615774306354558,
    0.7699423946773516,
    0.7780082239198146,
    0.7859518771423215,
    0.7939482621986803,
    0.8021489232522698,
    0.8106676254157917,
    0.8195723089837673,
    0.8288816937939252,
    0.8385599379713755,
    0.8485056688654815,
    0.8585267057025074
  ],
  "epochs": 50,
  "batch_size": 16,
  "learning_rate": 0.001,
  "hidden_dim": 64,
  "layer_dim": 2,
  "model_type": "enriched"
}