{
  "hidden_dim": 38,
  "layer_dim": 1,
  "learning_rate": 0.00047405516435924933,
  "epochs": 13,
  "batch_size": 16,
  "best_val_mse": 0.0023754558991755433
}