{
  "final_train_mse": 0.005592378158185585,
  "final_val_mse": 0.0031493576946284643,
  "final_train_r2": 0.9148680420512486,
  "final_val_r2": 0.8838121120950222,
  "final_val_rmse_original_scale": 6.632160186767578,
  "train_mse_history": [
    0.2834337219547448,
    0.16345628594804826,
    0.07396754860175515,
    0.047668073618996346,
    0.046341391953370885,
    0.04097617656923022,
    0.03568745854403662,
    0.03032963526531552,
    0.024808572344057953,
    0.019241446928117988,
    0.013898106578475422,
    0.009196257453057168,
    0.005592378158185585
  ],
  "val_mse_history": [
    0.9169479928829222,
    0.6167188305256999,
    0.32264999432276464,
    0.19747566936059094,
    0.16568819661871703,
    0.13909108513071866,
    0.11202956512363822,
    0.08537732305734202,
    0.059937257507105574,
    0.03730463370242315,
    0.0195186144895911,
    0.008167895781314058,
    0.0031493576946284643
  ],
  "train_r2_history": [
    -3.314670255871615,
    -1.488271227048617,
    -0.12599721603588243,
    0.274355860057396,
    0.29455174176902366,
    0.3762256339038229,
    0.45673501788826765,
    0.5382963810792205,
    0.62234271756613,
    0.7070902566987473,
    0.7884311483703548,
    0.8600067125944215,
    0.9148680420512486
  ],
  "val_r2_history": [
    -32.828564724002824,
    -21.752340412847996,
    -10.903386343461259,
    -6.28538424668703,
    -5.112662797480198,
    -4.131427095535481,
    -3.1330581714581216,
    -2.1497885609922087,
    -1.2112392531483867,
    -0.37626367635090996,
    0.2799082186678622,
    0.6986653624396211,
    0.8838121120950222
  ],
  "epochs": 13,
  "batch_size": 16,
  "learning_rate": 0.00047405516435924933,
  "hidden_dim": 38,
  "layer_dim": 1,
  "model_type": "base"
}