{
  "final_train_mse": 0.0013267534370057063,
  "final_val_mse": 0.001127815551915758,
  "final_train_r2": 0.9628686959187104,
  "final_val_r2": 0.923505390032567,
  "final_val_rmse_original_scale": 5.381336212158203,
  "train_mse_history": [
    0.043890079758433995,
    0.0373904990401814,
    0.03531000031248887,
    0.03170358931233647,
    0.02769598821990392,
    0.022508246611388665,
    0.01569045474076793,
    0.007986563871646401,
    0.002631202372137973,
    0.0010042553978636547,
    0.0009529560372642527,
    0.0010225635393962653,
    0.0010666941147465469,
    0.001090939617452152,
    0.0011157112155257222,
    0.0011463246361935432,
    0.001183612943159022,
    0.0012271977983338068,
    0.0012756943607501025,
    0.0013267534370057063
  ],
  "val_mse_history": [
    0.20643059742433909,
    0.15466875639127173,
    0.1341844515517593,
    0.11117366429052404,
    0.08294844067304803,
    0.04843548445728736,
    0.014530804344365869,
    0.000942134169336167,
    0.003012176352151039,
    0.0020539254942106362,
    0.0017430978474343203,
    0.0016522480341782646,
    0.0015301997062189747,
    0.001410106985378283,
    0.0013121308089209815,
    0.00123767163210463,
    0.0011847828120926489,
    0.0011508476840411674,
    0.0011328942054019484,
    0.001127815551915758
  ],
  "train_r2_history": [
    -0.22833365432273323,
    -0.04643255550591863,
    0.011793508767963035,
    0.11272465373713203,
    0.22488374121269106,
    0.3700709371062034,
    0.5608776808839275,
    0.7764833137707798,
    0.9263616187799291,
    0.9718943162208733,
    0.973330010378102,
    0.9713819337755375,
    0.9701468694697599,
    0.9694683205333446,
    0.9687750479817203,
    0.9679182827380208,
    0.9668747101901808,
    0.9656549187310485,
    0.9642976653365967,
    0.9628686959187104
  ],
  "val_r2_history": [
    -13.001250477966888,
    -9.490479736869224,
    -8.101122313582382,
    -6.540405054805618,
    -4.6260162452215505,
    -2.2851590721996073,
    0.014441493604821831,
    0.9360993154439631,
    0.7956977496723421,
    0.8606915560661241,
    0.8817735845652535,
    0.887935515050102,
    0.8962134991837352,
    0.9043588433626055,
    0.9110041227183219,
    0.9160543507271377,
    0.9196415593372531,
    0.9219432250485332,
    0.9231609280175451,
    0.923505390032567
  ],
  "epochs": 20,
  "batch_size": 16,
  "learning_rate": 0.001,
  "hidden_dim": 27,
  "layer_dim": 1,
  "model_type": "base"
}