{
  "final_train_mse": 0.0015998456474618412,
  "final_val_mse": 0.0022037038665299875,
  "final_train_r2": 0.9756457827901246,
  "final_val_r2": 0.9186997087511337,
  "final_val_rmse_original_scale": 5.547797679901123,
  "train_mse_history": [
    0.23337531289860938,
    0.09655507965475231,
    0.05477041960769663,
    0.057764328621244906,
    0.050581524491273885,
    0.0443284613383309,
    0.03917100181838909,
    0.033598915808573555,
    0.027558034063281098,
    0.02129154074212219,
    0.015048669920791439,
    0.009390303149245527,
    0.005102512359721108,
    0.0027395090596952372,
    0.0019863641453088596,
    0.0018817809644935267,
    0.0018675192836075229,
    0.001859663832558417,
    0.001848841326138176,
    0.0018364065955960628,
    0.0018243422967173565,
    0.001812542805994665,
    0.001800693652198913,
    0.0017888522021855566,
    0.0017771442016599624,
    0.0017655923759666901,
    0.0017542040785262292,
    0.0017430145800485172,
    0.0017320654273682834,
    0.0017213814188682631,
    0.0017109811745804763,
    0.001700894920077052,
    0.0016911476471430241,
    0.0016817601595086244,
    0.0016727519550167904,
    0.0016641423644933127,
    0.0016559516565503244,
    0.0016481951971204986,
    0.0016408873326956687,
    0.0016340409274503333,
    0.0016276695510462045,
    0.0016217832152732976,
    0.00161638915881308,
    0.0016114933249670351,
    0.0016071020677909554,
    0.001603219762893514,
    0.0015998456474618412
  ],
  "val_mse_history": [
    0.7925476776911852,
    0.42180983752425305,
    0.24279566834899224,
    0.22067705315661643,
    0.20325398974347736,
    0.17095667548065804,
    0.13944015823880618,
    0.10888932588531987,
    0.07801505341852667,
    0.049026608319716246,
    0.025022592289578073,
    0.009198436221344286,
    0.002856397619023433,
    0.0030037149773864983,
    0.004441970299004456,
    0.004778637990893285,
    0.004506971911552644,
    0.004275995774750152,
    0.004142281582268374,
    0.004023086656567611,
    0.003898280230076022,
    0.0037746475816016734,
    0.003656036072785192,
    0.003542074067629656,
    0.003432272037589258,
    0.00332688399944445,
    0.003226159252475653,
    0.003130172628204729,
    0.003038972587614247,
    0.0029526313988053857,
    0.00287120949634071,
    0.002794729171047481,
    0.0027231871607685688,
    0.002656580989885355,
    0.002594883323051516,
    0.0025380467348298306,
    0.00248600158432043,
    0.002438674698176329,
    0.002395965281472649,
    0.0023577591079292936,
    0.002323926211416431,
    0.002294318487336966,
    0.0022687816119160422,
    0.002247140935943374,
    0.0022292126110740277,
    0.0022148025424545935,
    0.0022037038665299875
  ],
  "train_r2_history": [
    -2.552638387817299,
    -0.46984391047933394,
    0.16623788181186072,
    0.12066204108107692,
    0.230004821889234,
    0.3251942912580118,
    0.40370554614005394,
    0.4885285996705302,
    0.5804880623833433,
    0.6758819772462314,
    0.7709162902357967,
    0.8570527832318544,
    0.9223251977327485,
    0.958296852703204,
    0.969761868009261,
    0.9713539225340942,
    0.9715710260244382,
    0.9716906084112985,
    0.9718553578498034,
    0.9720446499412306,
    0.9722283030054141,
    0.9724079249336184,
    0.9725883028755484,
    0.9727685635439215,
    0.9729467927301846,
    0.9731226444897283,
    0.973296006882504,
    0.9734663429876327,
    0.9736330203437024,
    0.9737956614485455,
    0.9739539828521273,
    0.9741075244349671,
    0.9742559057507619,
    0.9743988101073578,
    0.9745359406919322,
    0.9746670032341402,
    0.9747916891878524,
    0.9749097646397145,
    0.9750210111951713,
    0.9751252330247685,
    0.975222223559523,
    0.975311830391414,
    0.9753939433270481,
    0.9754684718924127,
    0.9755353193606421,
    0.975594419122483,
    0.9756457827901246
  ],
  "val_r2_history": [
    -28.23911783408815,
    -14.561647444199416,
    -7.957355319169247,
    -7.141342839237755,
    -6.4985613151638635,
    -5.307030503785835,
    -4.1443052983583275,
    -3.0172066868081417,
    -1.8781755393973993,
    -0.8087174034019802,
    0.07685235215035147,
    0.6606460808153075,
    0.8946201611404155,
    0.8891852457133305,
    0.8361243157427832,
    0.8237037805609193,
    0.8337262394349465,
    0.8422475419015749,
    0.8471806016279679,
    0.8515780083403852,
    0.8561824377184004,
    0.8607435634129614,
    0.8651194463792293,
    0.869323797222902,
    0.873374675908366,
    0.877262711104679,
    0.8809787055215814,
    0.8845198984321831,
    0.8878845019864664,
    0.891069850028709,
    0.8940737129727979,
    0.896895268452908,
    0.899534636818388,
    0.9019919094011619,
    0.9042680946723095,
    0.9063649422779231,
    0.9082850214495262,
    0.9100310317396819,
    0.9116066917318504,
    0.9130162155266562,
    0.9142643979081755,
    0.9153567028350924,
    0.9162988237075198,
    0.9170972037830473,
    0.9177586256989498,
    0.9182902501124972,
    0.9186997087511337
  ],
  "epochs": 47,
  "batch_size": 32,
  "learning_rate": 0.0010679497003381032,
  "hidden_dim": 39,
  "layer_dim": 1,
  "model_type": "base"
}