{
  "final_train_mse": 0.0016387259939307428,
  "final_val_mse": 0.0012057564775870024,
  "final_train_r2": 0.9541376479688033,
  "final_val_r2": 0.9182190108018541,
  "final_val_rmse_original_scale": 5.564174652099609,
  "train_mse_history": [
    0.04464131754185708,
    0.029985766283279435,
    0.027311420238870416,
    0.022344110487839013,
    0.016777066510119218,
    0.009968322681500611,
    0.003926010461068631,
    0.0011962779299892993,
    0.0008253624432378068,
    0.0009012341458474657,
    0.000984864977462419,
    0.0010549459355025405,
    0.0011285034787821317,
    0.0012098720732647726,
    0.0012978776329866414,
    0.0013881383697090712,
    0.0014739114302507429,
    0.0015477314934135159,
    0.0016035794858210945,
    0.0016387259939307428
  ],
  "val_mse_history": [
    0.16544715816222305,
    0.10796745082698694,
    0.08631216496852723,
    0.057366789084718345,
    0.02614181820124048,
    0.0035887129251484977,
    0.0017845937680809037,
    0.0017175914519507495,
    0.0013198457035879525,
    0.0012687726465980846,
    0.001222236091236007,
    0.0011781210174636515,
    0.0011494596179976101,
    0.0011362757875335188,
    0.0011358188110555487,
    0.0011443762122919823,
    0.001158147762812535,
    0.0011740273352443549,
    0.0011901068668417163,
    0.0012057564775870024
  ],
  "train_r2_history": [
    -0.24935823793835232,
    0.16080066203729715,
    0.23564648751158845,
    0.3746645474517706,
    0.5304671231263769,
    0.7210206430649531,
    0.890124356048202,
    0.9665202604001415,
    0.9769009199431172,
    0.9747775297319545,
    0.9724369879608519,
    0.9704756609420437,
    0.9684170361585638,
    0.9661398066898987,
    0.9636768311981965,
    0.9611507409930671,
    0.9587502455399379,
    0.956684273720198,
    0.9551212788708344,
    0.9541376479688033
  ],
  "val_r2_history": [
    -10.22152980808051,
    -6.322942147906528,
    -4.854162396942536,
    -2.890928927753695,
    -0.7730808763424457,
    0.7565938907049006,
    0.8789591046091045,
    0.8835035676027072,
    0.9104808564293553,
    0.9139449100750495,
    0.9171012734055632,
    0.9200933986304448,
    0.9220373712681261,
    0.9229315706498551,
    0.9229625652902351,
    0.922382155604623,
    0.9214480938390027,
    0.9203710545150119,
    0.9192804528683953,
    0.9182190108018541
  ],
  "epochs": 20,
  "batch_size": 16,
  "learning_rate": 0.001,
  "hidden_dim": 27,
  "layer_dim": 1,
  "model_type": "base"
}