{
  "final_train_mse": 0.0011483146558436002,
  "final_val_mse": 0.0012154989393917094,
  "final_train_r2": 0.9678625888745697,
  "final_val_r2": 0.9175582238366382,
  "final_val_rmse_original_scale": 5.586608409881592,
  "train_mse_history": [
    0.07893083556238271,
    0.031091231830455278,
    0.03296632761885004,
    0.029135092166318405,
    0.02624560737182432,
    0.02300253339970589,
    0.0192745618734492,
    0.01490207717577367,
    0.009941472718484987,
    0.0051622358644204495,
    0.0020716189842834667,
    0.0010368195478662288,
    0.0009384169461322207,
    0.0009829867799409067,
    0.0010237930881185967,
    0.0010489549824589963,
    0.0010700892075843579,
    0.0010930070731347782,
    0.0011190407665660283,
    0.0011483146558436002
  ],
  "val_mse_history": [
    0.24098133910773917,
    0.12657328533768494,
    0.11576124970354161,
    0.09937674242793118,
    0.08216463102577308,
    0.06323026688759657,
    0.042463532061077155,
    0.021488033309981548,
    0.0054730621183008265,
    0.000987926348253274,
    0.002204100171500857,
    0.0018714522767295499,
    0.001637781605384279,
    0.0015629746250322798,
    0.001493782140075382,
    0.0014206057765378834,
    0.001354091416353686,
    0.0012977832452859964,
    0.0012517935538938663,
    0.0012154989393917094
  ],
  "train_r2_history": [
    -1.2090049099639097,
    0.12986245133537988,
    0.07738491484784349,
    0.1846081295214207,
    0.26547495492400763,
    0.3562375355649252,
    0.4605707451025093,
    0.5829416803281156,
    0.7217720819634681,
    0.8555266229015919,
    0.9420224494615944,
    0.9709829567156565,
    0.973736909956299,
    0.9724895523042715,
    0.9713475228999232,
    0.9706433272868158,
    0.9700518523994974,
    0.9694104594994215,
    0.9686818652028532,
    0.9678625888745697
  ],
  "val_r2_history": [
    -15.344670467758476,
    -7.5848914547740005,
    -6.851560151279474,
    -5.740273388628054,
    -4.572853994395019,
    -3.2886220140229767,
    -1.8801086466081194,
    -0.4574357697250695,
    0.6287870376004302,
    0.9329934397891426,
    0.8505058893169937,
    0.8730678862000792,
    0.8889167072551022,
    0.8939905251991334,
    0.8986835374035357,
    0.9036467580100681,
    0.9081581251665866,
    0.911977252839091,
    0.9150965248686245,
    0.9175582238366382
  ],
  "epochs": 20,
  "batch_size": 16,
  "learning_rate": 0.001,
  "hidden_dim": 27,
  "layer_dim": 1,
  "model_type": "base"
}